{"cameraMode":{"drawMode":0,"name":"Shaded","section":"Shading Mode"},"sceneLighting":false,"audioPlay":false,"sceneViewState":{"showFog":true,"showMaterialUpdate":false,"showSkybox":true,"showFlares":true,"showImageEffects":true,"showParticleSystems":true},"in2DMode":false,"pivot":{"x":-5.369999885559082,"y":1.6500000953674317,"z":4.860000133514404},"rotation":{"x":0.005880370270460844,"y":-0.7744503617286682,"z":0.6325663924217224,"w":0.007200142834335566},"size":5.7157673835754398,"orthographic":true}